ParcelID,Addr1,Addr2,Improvement,LandValue,Acres,GA25,PA25,NT_Loss,Opt21_Loss,Mean_NT,Min,Med,Opt,NT_Cat,Min_Cat,Med_Cat,Opt_Cat,NT_HVRA,Min_HVRA,Med_HVRA,Opt_HVRA
1000,Type Street Address Here,"City, State, Zip",1000,1000,1,0.1,0.12,0.5,0.25,2.5,2.5,2,1,5,1,3,2,0.4,0.2,0.2,0.2
1008,42089 EVERGREEN,SHAVER LAKE CA 93664,74284,63276,0.151098,0.095673385,0.086991405,0.2,0.2,3.326825061,2.426825061,2.326825061,2.226825061,3,2,2,2,0.4,0.2,0.2,0.2
1009,42069 EVERGREEN,SHAVER LAKE CA 93634,106621,37636,0.145478,0.096519711,0.08781024,0,0,4.431177333,3.531177333,3.431177333,3.331177333,4,4,3,3,0.6,0.6,0.4,0.4
1010,52266 DINKEY CREEK RD,SHAVER LAKE CA 93664,155403,30460,2.294787,0.126677087,0.134087856,0.1,0.2,2.095228455,1.195228455,1.095228455,0.995228455,2,1,1,1,0.2,0.1,0.1,0.1
1011,52232 DINKEY CREEK RD,SHAVER LAKE CA 93664,36967,274622,4.850897,0.129232896,0.13651065,0.1,0.2,2.095228455,1.195228455,1.095228455,0.995228455,2,1,1,1,0.2,0.1,0.1,0.1
1013,42288 MAJESTIC LN,SHAVER LAKE CA 93664,110000,79576,0.06105,0.142408452,0.126134434,0.1,0.1,1.914641517,1.014641517,0.914641517,0.814641517,2,1,1,1,0.2,0.1,0.1,0.1
1014,42292 MAJESTIC LN,SHAVER LAKE CA 93664,95000,79576,0.056175,0.142408452,0.126134434,0.1,0.1,1.914641517,1.014641517,0.914641517,0.814641517,2,1,1,1,0.2,0.1,0.1,0.1
1018,42555 PINACLE LN,SHAVER LAKE CA 93664,0,134621,0.110343,0.174905856,0.157327726,0.4,0.4,4.947488303,4.047488303,3.947488303,3.847488303,5,4,4,4,0.9,0.6,0.6,0.6
1019,42051 EVERGREEN,SHAVER LAKE CA 93634,65682,49018,0.142558,0.097366042,0.08862909,0.2,0.2,3.513935,2.613935,2.513935,2.413935,4,3,3,2,0.6,0.4,0.4,0.2
1021,47274 DINKEY CREEK RD,SHAVER LAKE CA 93664,97281,90074,4.869579,0.246018637,0.233280923,0.4,0.4,4.393631758,3.493631758,3.393631758,3.293631758,4,3,3,3,0.6,0.4,0.4,0.4
1022,42258 MAJESTIC LN,SHAVER LAKE CA 93664,0,100000,0.056292,0.142408452,0.126134434,0.1,0.1,1.914641517,1.014641517,0.914641517,0.814641517,2,1,1,1,0.2,0.1,0.1,0.1
1023,42527 PINNACLE LN,SHAVER LAKE CA 93664,505000,200000,0.587938,0.179355884,0.162261216,0.4,0.4,4.184693818,3.284693818,3.184693818,3.084693818,4,3,3,3,0.6,0.4,0.4,0.4
1024,41628 MUSICK,SHAVER LAKE CA 93634,36004,25256,0.094583,0.12080848,0.11336349,0.6,0.4,5.117629,4.217629,4.117629,4.017629,5,4,4,4,0.9,0.6,0.6,0.6
1025,41923 EVERGREEN,SHAVER LAKE CA 93634,0,183292,0.156102,0.106252457,0.09722692,0.6,0.4,5.117629,4.217629,4.117629,4.017629,5,4,4,4,0.9,0.6,0.6,0.6
1029,44313 SHAVER LAKE RD,SHAVER LAKE CA 93664,195473,69924,0.17553,0.122375009,0.115420934,0.2,0.2,3.526739552,2.626739552,2.526739552,2.426739552,4,3,3,2,0.6,0.4,0.4,0.2
1030,44320 LAKEVIEW AVE,SHAVER LAKE CA 93664,51094,57407,0.20502,0.111297,1.19E-04,0.2,0.2,3.699653182,2.799653182,2.699653182,2.599653182,4,3,3,3,0.6,0.4,0.4,0.4
1031,44330 LAKEVIEW AVE,SHAVER LAKE CA 93664,71839,25256,0.225385,0.111297,1.19E-04,0.2,0.2,3.699653182,2.799653182,2.699653182,2.599653182,4,3,3,3,0.6,0.4,0.4,0.4
1032,44340 LAKEVIEW DR,SHAVER LAKE CA 93634,245000,300000,0.189501,0.111297,1.19E-04,0.2,0.2,3.526739552,2.626739552,2.526739552,2.426739552,4,3,3,2,0.6,0.4,0.4,0.2
1033,44350 LAKEVIEW AVE,SHAVER LAKE CA 93664,177048,73600,0.164522,0.111297,1.19E-04,0.2,0.2,3.699653182,2.799653182,2.699653182,2.599653182,4,3,3,3,0.6,0.4,0.4,0.4
1034,44360 LAKEVIEW DR,SHAVER LAKE CA 93634,379971,178776,0.30954,0.111297,1.19E-04,0.2,0.2,3.699653182,2.799653182,2.699653182,2.599653182,4,3,3,3,0.6,0.4,0.4,0.4
1035,44376 LAKEVIEW DR,SHAVER LAKE CA 93634,324677,378790,0.13766,0.111297,1.19E-04,0.2,0.2,3.699653182,2.799653182,2.699653182,2.599653182,4,3,3,3,0.6,0.4,0.4,0.4
1036,44390 LAKEVIEW DR,SHAVER LAKE CA 93634,68560,27243,0.135112,0.111297,1.19E-04,0.2,0.2,3.699653182,2.799653182,2.699653182,2.599653182,4,3,3,3,0.6,0.4,0.4,0.4
1037,44406 LAKEVIEW DR,SHAVER LAKE CA 93634,279977,94063,0.134974,0.111297,1.19E-04,0.2,0.2,3.526739552,2.626739552,2.526739552,2.426739552,4,3,3,2,0.6,0.4,0.4,0.2
1038,41670 MUSICK,SHAVER LAKE CA 93634,77368,58861,0.092447,0.12080848,0.11336349,0.6,0.4,5.117629,4.217629,4.117629,4.017629,5,4,4,4,0.9,0.6,0.6,0.6
1039,41690 MUSICK DR,SHAVER LAKE CA 93634,400683,69735,0.108624,0.12080848,0.11336349,0.6,0.4,5.117629,4.217629,4.117629,4.017629,5,4,4,4,0.9,0.6,0.6,0.6
1043,41903 EVERGREEN,SHAVER LAKE CA 93634,33019,25256,0.16525,0.107521943,0.098455175,0.6,0.4,5.117629,4.217629,4.117629,4.017629,5,4,4,4,0.9,0.6,0.6,0.6
1044,41881 EVERGREEN,SHAVER LAKE CA 93664,97524,56256,0.180897,0.108368271,0.099274025,0.4,0.4,4.393631758,3.493631758,3.393631758,3.293631758,4,3,3,3,0.6,0.4,0.4,0.4
1045,41867 EVERGREEN,SHAVER LAKE CA 93634,217532,216451,0.1364,0.109214594,0.100092868,0.4,0.4,4.393631758,3.493631758,3.393631758,3.293631758,4,3,3,3,0.6,0.4,0.4,0.4
1048,42157 TOLLHOUSE RD,SHAVER LAKE CA 93634,103555,51777,0.081986,0.126677041,0.119825338,0.6,0.4,5.117629,4.217629,4.117629,4.017629,5,4,4,4,0.9,0.6,0.6,0.6
1049,42145 TOLLHOUSE RD,SHAVER LAKE CA 93634,476355,248533,0.530656,0.122375009,0.115420934,0.4,0.4,4.393631758,3.493631758,3.393631758,3.293631758,4,3,3,3,0.6,0.4,0.4,0.4
1050,42145 TOLLHOUSE,SHAVER LAKE CA 93634,8068,48496,0.20479,0.118072982,0.111016542,0.2,0.2,3.794523515,2.894523515,2.794523515,2.694523515,4,3,3,3,0.6,0.4,0.4,0.4
1051,42162 HIGHWAY 168,SHAVER LAKE CA 93634,176618,176618,0.008,0.122375009,0.115420934,0.6,0.4,5.117629,4.217629,4.117629,4.017629,5,4,4,4,0.9,0.6,0.6,0.6
1052,42203 DIGGER,SHAVER LAKE CA 93634,183649,58830,0.007744,0.122375009,0.115420934,0.6,0.4,5.117629,4.217629,4.117629,4.017629,5,4,4,4,0.9,0.6,0.6,0.6
1053,42211 DIGGER,SHAVER LAKE CA 93634,92490,32371,0.013797,0.122375009,0.115420934,0.6,0.4,5.117629,4.217629,4.117629,4.017629,5,4,4,4,0.9,0.6,0.6,0.6
1054,42227 DIGGER,SHAVER LAKE CA 93634,97244,109234,0.003823,0.080132446,0.076344758,0.6,0.4,5.117629,4.217629,4.117629,4.017629,5,4,4,4,0.9,0.6,0.6,0.6
1055,42238 BUCKEYE LN,SHAVER LAKE CA 93634,310106,58960,0.019024,0.122375009,0.115420934,0.6,0.4,5.117629,4.217629,4.117629,4.017629,5,4,4,4,0.9,0.6,0.6,0.6
1056,42207 HEMLOCK,SHAVER LAKE CA 93634,287885,159255,0.01745,0.122375009,0.115420934,0.6,0.4,5.117629,4.217629,4.117629,4.017629,5,4,4,4,0.9,0.6,0.6,0.6
1057,42219 HEMLOCK,SHAVER LAKE CA 93634,134326,62600,0.017817,0.148142718,0.141715658,0.6,0.4,5.117629,4.217629,4.117629,4.017629,5,4,4,4,0.9,0.6,0.6,0.6
1058,41579 DINKEY CREEK RD,SHAVER LAKE CA 93634,169765,79576,0.127677,0.12080848,0.11336349,0.6,0.4,5.117629,4.217629,4.117629,4.017629,5,4,4,4,0.9,0.6,0.6,0.6
1059,42541 PINNACLE LN,SHAVER LAKE CA 93664,1350000,250000,0.704402,0.178534831,0.161235189,0.2,0.2,3.070720879,2.170720879,2.070720879,1.970720879,3,2,2,2,0.4,0.2,0.2,0.2
1060,42389 PINNACLE LN,SHAVER LAKE CA 93664,380615,162090,0.011493,0.18588084,0.169409099,0.2,0.2,3.919730207,3.019730207,2.919730207,2.819730207,4,3,3,3,0.6,0.4,0.4,0.4
1061,42725 GRANITE CIRCLE,SHAVER LAKE CA 93664,539025,87957,0.598336,0.190161066,0.173352547,0.2,0.2,3.780330727,2.880330727,2.780330727,2.680330727,4,3,3,3,0.6,0.4,0.4,0.4
1062,42630 GRANITE CIRCLE,SHAVER LAKE CA 93664,0,125000,0.469026,0.191370348,0.174020171,0.2,0.2,3.740794939,2.840794939,2.740794939,2.640794939,4,3,3,3,0.6,0.4,0.4,0.4
1063,41812 SPARROW,SHAVER LAKE CA 93634,197994,77895,0.181632,0.110060922,0.100911703,0.2,0.2,3.220682788,2.320682788,2.220682788,2.120682788,3,2,2,2,0.4,0.2,0.2,0.2
1064,41977 N EVERGREEN,SHAVER LAKE CA 93634,60492,33221,0.135609,0.100751338,0.091904456,0.6,0.4,5.117629,4.217629,4.117629,4.017629,5,4,4,4,0.9,0.6,0.6,0.6
1066,42031 EVERGREEN,SHAVER LAKE CA 93664,155704,57380,0.141289,0.098212362,0.089447933,0.6,0.4,5.117629,4.217629,4.117629,4.017629,5,4,4,4,0.9,0.6,0.6,0.6
1072,42411 PINNACLE LN,SHAVER LAKE CA 93664,987877,155335,0.169128,0.18588084,0.169409099,0.2,0.2,3.919730207,3.019730207,2.919730207,2.819730207,4,3,3,3,0.6,0.4,0.4,0.4
1073,42691 GRANITE CIRCLE,SHAVER LAKE CA 93664,365239,129444,0.585288,0.189231807,0.172285942,0.4,0.4,5.601949273,4.701949273,4.601949273,4.501949273,6,5,5,5,1,0.9,0.9,0.9
1076,41818 SPARROW RD,SHAVER LAKE CA 93664,137265,46343,0.227069,0.111753571,0.102549385,0.4,0.4,4.393631758,3.493631758,3.393631758,3.293631758,4,3,3,3,0.6,0.4,0.4,0.4
1077,44299 SHAVER LAKE,LAKESHORE CA 93634,76314,87794,0.145145,0.111297,1.19E-04,0.2,0.2,3.495466727,2.595466727,2.495466727,2.395466727,3,3,2,2,0.4,0.4,0.2,0.2
1078,44312 LAKEVIEW DR,SHAVER LAKE CA 93634,97401,216451,0.162536,0.111297,1.19E-04,0.2,0.2,3.645607606,2.745607606,2.645607606,2.545607606,4,3,3,3,0.6,0.4,0.4,0.4
1079,41967 N EVERGREEN,SHAVER LAKE CA 93634,51531,24258,0.129132,0.101597668,0.092723293,0.2,0.2,3.334125,2.434125,2.334125,2.234125,3,2,2,2,0.4,0.2,0.2,0.2
1080,41958 N EVERGREEN,SHAVER LAKE CA 93634,141233,91990,0.137653,0.102443989,0.093542137,0.2,0.2,3.334125,2.434125,2.334125,2.234125,3,2,2,2,0.4,0.2,0.2,0.2
1082,38990 CRESSMAN RD,SHAVER LAKE CA 93664,17835,62464,0.000565,0.231771681,0.211266694,0.2,0.2,3.334125,2.434125,2.334125,2.234125,3,2,2,2,0.4,0.2,0.2,0.2
1084,41953 N EVERGREEN,SHAVER LAKE CA 93634,218493,54609,0.132713,0.102443989,0.093542137,0.2,0.2,3.334125,2.434125,2.334125,2.234125,3,2,2,2,0.4,0.2,0.2,0.2
1085,41941 N EVERGREEN,SHAVER LAKE CA 93634,226351,226351,0.124886,0.102443989,0.093542137,0.2,0.2,3.334125,2.434125,2.334125,2.234125,3,2,2,2,0.4,0.2,0.2,0.2
1086,41932 EVERGREEN,SHAVER LAKE CA 93634,331377,181221,0.150804,0.102443989,0.093542137,0.2,0.2,3.334125,2.434125,2.334125,2.234125,3,2,2,2,0.4,0.2,0.2,0.2
1088,44420 LAKEVIEW AVE,SHAVER LAKE CA 93664,182498,250487,0.142898,0.111297,1.19E-04,0.2,0.2,3.653796788,2.753796788,2.653796788,2.553796788,4,3,3,3,0.6,0.4,0.4,0.4
1089,44444 LAKEVIEW DR,SHAVER LAKE CA 93634,111001,66062,0.324531,0.111297,1.19E-04,0.2,0.2,3.495466727,2.595466727,2.495466727,2.395466727,3,3,2,2,0.4,0.4,0.2,0.2
1094,53782 PROVIDENCE CREEK RD,SHAVER LAKE CA 93664,51244,51975,5.393191,0.189912457,0.199979954,0.2,0.2,3.495466727,2.595466727,2.495466727,2.395466727,3,3,2,2,0.4,0.4,0.2,0.2
1097,44287 SHAVER LAKE,LAKESHORE CA 93634,155710,333663,0.154569,0.111297,1.19E-04,0.2,0.2,3.495466727,2.595466727,2.495466727,2.395466727,3,3,2,2,0.4,0.4,0.2,0.2
1099,44747 LAKEVIEW DR,SHAVER LAKE CA 93634,252995,183896,0.218141,0.111297,1.19E-04,0.2,0.2,3.645607606,2.745607606,2.645607606,2.545607606,4,3,3,3,0.6,0.4,0.4,0.4
1100,44397 LAKEVIEW AVE,SHAVER LAKE CA 93664,89818,37993,0.116722,0.111297,1.19E-04,0.2,0.2,3.645607606,2.745607606,2.645607606,2.545607606,4,3,3,3,0.6,0.4,0.4,0.4
1101,44417 LAKEVIEW DR,SHAVER LAKE CA 93634,79602,68056,0.316416,0.111297,1.19E-04,0.2,0.2,3.645607606,2.745607606,2.645607606,2.545607606,4,3,3,3,0.6,0.4,0.4,0.4
1102,44383 LAKEVIEW AVE,SHAVER LAKE CA 93664,217500,350000,0.109088,0.111297,1.19E-04,0.2,0.2,3.653796788,2.753796788,2.653796788,2.553796788,4,3,3,3,0.6,0.4,0.4,0.4
1103,44371 LAKEVIEW AVE,SHAVER LAKE CA 93664,124068,105240,0.122162,0.111297,1.19E-04,0.2,0.2,3.526739552,2.626739552,2.526739552,2.426739552,4,3,3,2,0.6,0.4,0.4,0.2
1104,44275 SHAVER LAKE,LAKESHORE CA 93634,129828,63639,0.156819,0.111297,1.19E-04,0.2,0.2,3.526739552,2.626739552,2.526739552,2.426739552,4,3,3,2,0.6,0.4,0.4,0.2
1105,44361 LAKEVIEW DR,SHAVER LAKE CA 93634,54600,100132,0.122599,0.111297,1.19E-04,0.2,0.2,3.526739552,2.626739552,2.526739552,2.426739552,4,3,3,2,0.6,0.4,0.4,0.2
1106,44345 LAKEVIEW AVE,SHAVER LAKE CA 93664,122327,70212,0.124677,0.111297,1.19E-04,0.2,0.2,3.645607606,2.745607606,2.645607606,2.545607606,4,3,3,3,0.6,0.4,0.4,0.4
1107,44739 LAKEVIEW AVE,SHAVER LAKE CA 93664,0,174702,0.193174,0.111297,1.19E-04,0.2,0.2,3.526739552,2.626739552,2.526739552,2.426739552,4,3,3,2,0.6,0.4,0.4,0.2
1108,44331 LAKEVIEW AVE,SHAVER LAKE CA 93664,0,158436,0.137005,0.111297,1.19E-04,0.2,0.2,3.526739552,2.626739552,2.526739552,2.426739552,4,3,3,2,0.6,0.4,0.4,0.2
1109,44736 LAKEVIEW AVE,SHAVER LAKE CA 93664,73829,38790,0.173545,0.111297,1.19E-04,0.2,0.2,3.645607606,2.745607606,2.645607606,2.545607606,4,3,3,3,0.6,0.4,0.4,0.4
1110,44394 HILLCREST,SHAVER LAKE CA 93664,167578,88386,0.154259,0.111297,1.19E-04,0.2,0.2,3.653796788,2.753796788,2.653796788,2.553796788,4,3,3,3,0.6,0.4,0.4,0.4
1111,44406 HILLCREST,LAKESHORE CA 93634,122342,305858,0.13681,0.111297,1.19E-04,0.2,0.4,4.107115121,3.207115121,3.107115121,3.007115121,4,3,3,3,0.6,0.4,0.4,0.4
1112,44261 SHAVER LAKE RD,SHAVER LAKE CA 93664,198900,204000,0.155166,0.111297,1.19E-04,0.2,0.4,3.719335364,2.819335364,2.719335364,2.619335364,4,3,3,3,0.6,0.4,0.4,0.4
1113,44311 LAKEVIEW DR,SHAVER LAKE CA 93634,48543,31029,0.133642,0.111297,1.19E-04,0.2,0.4,4.107115121,3.207115121,3.107115121,3.007115121,4,3,3,3,0.6,0.4,0.4,0.4
1114,44422 HILLCREST,LAKESHORE CA 93634,135074,94549,0.121795,0.111297,1.19E-04,0.2,0.2,3.526739552,2.626739552,2.526739552,2.426739552,4,3,3,2,0.6,0.4,0.4,0.2
1115,44380 HILLCREST,SHAVER LAKE CA 93664,105939,59587,0.144904,0.111297,1.19E-04,0.2,0.4,4.107115121,3.207115121,3.107115121,3.007115121,4,3,3,3,0.6,0.4,0.4,0.4
1116,44432 HILLCREST,LAKESHORE CA 93634,80318,62464,0.140277,0.111297,1.19E-04,0.2,0.4,4.107115121,3.207115121,3.107115121,3.007115121,4,3,3,3,0.6,0.4,0.4,0.4
1117,44368 HILLCREST,SHAVER LAKE CA 93664,87698,70157,0.143342,0.111297,1.19E-04,0.2,0.2,3.526739552,2.626739552,2.526739552,2.426739552,4,3,3,2,0.6,0.4,0.4,0.2
1119,44729 LAKEVIEW AVE,SHAVER LAKE CA 93664,950620,998620,0.17312,0.111297,1.19E-04,0.2,0.2,3.667842636,2.767842636,2.667842636,2.567842636,4,3,3,3,0.6,0.4,0.4,0.4
1120,44356 HILLCREST,SHAVER LAKE CA 93664,76298,243506,0.197938,0.111297,1.19E-04,0.2,0.4,4.107115121,3.207115121,3.107115121,3.007115121,4,3,3,3,0.6,0.4,0.4,0.4
1121,44457 DALTON,LAKESHORE CA 93634,203655,159105,0.182027,0.111297,1.19E-04,0.2,0.2,3.549512303,2.649512303,2.549512303,2.449512303,4,3,3,2,0.6,0.4,0.4,0.2
1122,44359 DALTON,LAKESHORE CA 93634,154297,258888,0.143526,0.111297,1.19E-04,0.2,0.2,3.526739552,2.626739552,2.526739552,2.426739552,4,3,3,2,0.6,0.4,0.4,0.2
1123,44579 LAKEVIEW DR,SHAVER LAKE CA 93634,168993,64275,0.152801,0.111297,1.19E-04,0.2,0.4,4.107115121,3.207115121,3.107115121,3.007115121,4,3,3,3,0.6,0.4,0.4,0.4
1124,44449 DALTON,LAKESHORE CA 93634,540466,121610,0.151738,0.111297,1.19E-04,0.2,0.2,3.526739552,2.626739552,2.526739552,2.426739552,4,3,3,2,0.6,0.4,0.4,0.2
1125,44571 LAKEVIEW DR,SHAVER LAKE CA 93634,212141,904748,0.268547,0.111297,1.19E-04,0.2,0.2,3.526739552,2.626739552,2.526739552,2.426739552,4,3,3,2,0.6,0.4,0.4,0.2
1126,44615 LAKEVIEW AVE,SHAVER LAKE CA 93664,305576,36998,0.14255,0.111297,1.19E-04,0.2,0.2,3.526739552,2.626739552,2.526739552,2.426739552,4,3,3,2,0.6,0.4,0.4,0.2
1127,44375 DALTON,LAKESHORE CA 93634,232757,287884,0.143354,0.111297,1.19E-04,0.2,0.2,3.526739552,2.626739552,2.526739552,2.426739552,4,3,3,2,0.6,0.4,0.4,0.2
1128,44385 DALTON,LAKESHORE CA 93634,0,33019,0.149415,0.111297,1.19E-04,0.2,0.2,3.526739552,2.626739552,2.526739552,2.426739552,4,3,3,2,0.6,0.4,0.4,0.2
1129,44439 DALTON AVE,SHAVER LAKE CA 93664,159289,105112,0.125591,0.111297,1.19E-04,0.2,0.2,3.699653182,2.799653182,2.699653182,2.599653182,4,3,3,3,0.6,0.4,0.4,0.4
1130,44395 DALTON AVE,SHAVER LAKE CA 93664,162328,98226,0.152147,0.111297,1.19E-04,0.2,0.2,3.699653182,2.799653182,2.699653182,2.599653182,4,3,3,3,0.6,0.4,0.4,0.4
1131,44403 DALTON,LAKESHORE CA 93634,117366,100189,0.154064,0.111297,1.19E-04,0.2,0.2,3.517701758,2.617701758,2.517701758,2.417701758,4,3,3,2,0.6,0.4,0.4,0.2
1132,44411 DALTON,LAKESHORE CA 93634,0,114552,0.14356,0.111297,1.19E-04,0.2,0.2,3.526739552,2.626739552,2.526739552,2.426739552,4,3,3,2,0.6,0.4,0.4,0.2
1134,44559 LAKEVIEW DR,SHAVER LAKE CA 93634,764000,1112215,0.129154,0.111297,1.19E-04,0.2,0.2,3.526739552,2.626739552,2.526739552,2.426739552,4,3,3,2,0.6,0.4,0.4,0.2
1135,44419 DALTON AVE,SHAVER LAKE CA 93664,483055,571765,0.145294,0.111297,1.19E-04,0.2,0.2,3.699653182,2.799653182,2.699653182,2.599653182,4,3,3,3,0.6,0.4,0.4,0.4
1136,44429 DALTON,LAKESHORE CA 93634,76033,35040,0.17553,0.111297,1.19E-04,0.2,0.2,3.526739552,2.626739552,2.526739552,2.426739552,4,3,3,2,0.6,0.4,0.4,0.2
1137,44604 LAKEVIEW AVE,SHAVER LAKE CA 93664,102973,35010,0.161456,0.111297,1.19E-04,0.2,0.2,3.549512303,2.649512303,2.549512303,2.449512303,4,3,3,2,0.6,0.4,0.4,0.2
1138,44278 LAKEVIEW DR,SHAVER LAKE CA 93634,69925,85035,0.163729,0.111297,1.19E-04,0.2,0.2,3.549512303,2.649512303,2.549512303,2.449512303,4,3,3,2,0.6,0.4,0.4,0.2
1139,44553 LAKEVIEW AVE,SHAVER LAKE CA 93664,120413,85574,0.157691,0.111297,1.19E-04,0.4,0.4,4.458932697,3.558932697,3.458932697,3.358932697,4,4,3,3,0.6,0.6,0.4,0.4
1140,44388 CASCADE,LAKESHORE CA 93634,283592,125267,0.163328,0.111297,1.19E-04,0.2,0.2,3.311873424,2.411873424,2.311873424,2.211873424,3,2,2,2,0.4,0.2,0.2,0.2
1141,44263 LAKEVIEW DR,SHAVER LAKE CA 93634,73433,62086,0.104381,0.111297,1.19E-04,0.2,0.2,3.526739552,2.626739552,2.526739552,2.426739552,4,3,3,2,0.6,0.4,0.4,0.2
1142,44572 LAKEVIEW AVE,SHAVER LAKE CA 93664,229500,510000,0.140992,0.111297,1.19E-04,0.2,0.2,3.526739552,2.626739552,2.526739552,2.426739552,4,3,3,2,0.6,0.4,0.4,0.2
1143,44378 CASCADE,LAKESHORE CA 93634,90651,35011,0.140977,0.111297,1.19E-04,0.2,0.2,3.645607606,2.745607606,2.645607606,2.545607606,4,3,3,3,0.6,0.4,0.4,0.4
1144,44306 LAKEVIEW AVE,SHAVER LAKE CA 93664,118844,103645,0.135043,0.111297,1.19E-04,0.2,0.2,3.667842636,2.767842636,2.667842636,2.567842636,4,3,3,3,0.6,0.4,0.4,0.4
1145,44318 LAKEVIEW DR,SHAVER LAKE CA 93634,140125,52725,0.148187,0.111297,1.19E-04,0.2,0.2,3.526739552,2.626739552,2.526739552,2.426739552,4,3,3,2,0.6,0.4,0.4,0.2
1147,42210 DORABELLA,SHAVER LAKE CA 93634,240000,150000,0.132004,0.093092729,0.084571989,0,0,4.431177333,3.531177333,3.431177333,3.331177333,4,4,3,3,0.6,0.6,0.4,0.4
1148,42011 EVERGREEN,SHAVER LAKE CA 93634,194509,132628,0.142619,0.099058689,0.090266772,0,0,4.431177333,3.531177333,3.431177333,3.331177333,4,4,3,3,0.6,0.6,0.4,0.4
1149,42109 EVERGREEN,SHAVER LAKE CA 93634,242319,129444,0.168549,0.094827062,0.086172568,0.4,0.2,4.431177333,3.531177333,3.431177333,3.331177333,4,4,3,3,0.6,0.6,0.4,0.4
1150,42676 GRANITE CIRCLE,SHAVER LAKE CA 93664,730315,162287,0.612285,0.192935825,0.175708567,0.2,0.2,3.326825061,2.426825061,2.326825061,2.226825061,3,2,2,2,0.4,0.2,0.2,0.2
1151,42747 GRANITE CIRCLE,SHAVER LAKE CA 93664,0,124266,0.621375,0.191699877,0.174996065,0.2,0.2,3.326825061,2.426825061,2.326825061,2.226825061,3,2,2,2,0.4,0.2,0.2,0.2
1152,41997 N EVERGREEN,SHAVER LAKE CA 93634,66731,139024,0.143399,0.099905011,0.091085607,0,0,4.431177333,3.531177333,3.431177333,3.331177333,4,4,3,3,0.6,0.6,0.4,0.4
1153,42192 DORABELLA RD,SHAVER LAKE CA 93634,137700,153000,0.134551,0.093092729,0.084571989,0,0,4.431177333,3.531177333,3.431177333,3.331177333,4,4,3,3,0.6,0.6,0.4,0.4
1154,42170 DORABELLA,SHAVER LAKE CA 93634,147508,63395,0.093537,0.093092729,0.084571989,0,0,4.431177333,3.531177333,3.431177333,3.331177333,4,4,3,3,0.6,0.6,0.4,0.4
1157,42230 DORABELLA,SHAVER LAKE CA 93634,42376,20077,0.113938,0.093092729,0.084571989,0,0,4.431177333,3.531177333,3.431177333,3.331177333,4,4,3,3,0.6,0.6,0.4,0.4
1158,44545 LAKEVIEW DR,SHAVER LAKE CA 93634,300000,800000,0.139508,0.111297,1.19E-04,0.2,0.2,3.52436003,2.62436003,2.52436003,2.42436003,4,3,3,2,0.6,0.4,0.4,0.2
1160,44342 LAKEVIEW AVE,SHAVER LAKE CA 93664,171576,145837,0.173958,0.111297,1.19E-04,0.2,0.2,3.526739552,2.626739552,2.526739552,2.426739552,4,3,3,2,0.6,0.4,0.4,0.2
1161,44594 LAKEVIEW DR,SHAVER LAKE CA 93634,130168,35010,0.148557,0.111297,1.19E-04,0.2,0.2,3.194258061,2.294258061,2.194258061,2.094258061,3,2,2,2,0.4,0.2,0.2,0.2
1162,44354 CASCADE,LAKESHORE CA 93634,250000,500000,0.171008,0.111297,1.19E-04,0.2,0.4,3.289693879,2.389693879,2.289693879,2.189693879,3,2,2,2,0.4,0.2,0.2,0.2
1163,44366 CASCADE,LAKESHORE CA 93634,94731,35010,0.16412,0.111297,1.19E-04,0.2,0.2,3.526739552,2.626739552,2.526739552,2.426739552,4,3,3,2,0.6,0.4,0.4,0.2
1165,44542 LAKEVIEW DR,SHAVER LAKE CA 93634,184519,101298,0.14264,0.111297,1.19E-04,0.2,0.2,3.526739552,2.626739552,2.526739552,2.426739552,4,3,3,2,0.6,0.4,0.4,0.2
1167,44535 LAKEVIEW AVE,SHAVER LAKE CA 93664,216593,224059,0.15272,0.111297,1.19E-04,0.2,0.2,3.526739552,2.626739552,2.526739552,2.426739552,4,3,3,2,0.6,0.4,0.4,0.2
1169,44487 PLAZA,LAKESHORE CA 93634,92112,35010,0.140501,0.111297,1.19E-04,0.2,0.4,3.289693879,2.389693879,2.289693879,2.189693879,3,2,2,2,0.4,0.2,0.2,0.2
1170,44490 PLAZA,LAKESHORE CA 93634,352232,156838,0.146924,0.111297,1.19E-04,0.4,0.2,4.431177333,3.531177333,3.431177333,3.331177333,4,4,3,3,0.6,0.6,0.4,0.4
1171,44532 LAKEVIEW AVE,SHAVER LAKE CA 93664,189289,83898,0.142214,0.111297,1.19E-04,0.2,0.2,3.194258061,2.294258061,2.194258061,2.094258061,3,2,2,2,0.4,0.2,0.2,0.2
1172,44309 LAKEVIEW AVE,SHAVER LAKE CA 93664,95329,78010,0.150838,0.111297,1.19E-04,0.2,0.2,3.526739552,2.626739552,2.526739552,2.426739552,4,3,3,2,0.6,0.4,0.4,0.2
1173,44373 CASCADE,LAKESHORE CA 93634,331074,180762,0.152468,0.111297,1.19E-04,0.2,0.2,3.699653182,2.799653182,2.699653182,2.599653182,4,3,3,3,0.6,0.4,0.4,0.4
1174,44467 PLAZA,LAKESHORE CA 93634,371361,371361,0.144967,0.111297,1.19E-04,0.2,0.2,3.526739552,2.626739552,2.526739552,2.426739552,4,3,3,2,0.6,0.4,0.4,0.2
1175,44468 PLAZA,LAKESHORE CA 93634,488212,388351,0.139141,0.111297,1.19E-04,0.2,0.2,3.699653182,2.799653182,2.699653182,2.599653182,4,3,3,3,0.6,0.4,0.4,0.4
1176,44519 LAKEVIEW DR,SHAVER LAKE CA 93634,69850,85574,0.140484,0.111297,1.19E-04,0.2,0.2,3.526739552,2.626739552,2.526739552,2.426739552,4,3,3,2,0.6,0.4,0.4,0.2
1177,44455 PLAZA,LAKESHORE CA 93634,196560,127537,0.124073,0.111297,1.19E-04,0.2,0.2,3.52436003,2.62436003,2.52436003,2.42436003,4,3,3,2,0.6,0.4,0.4,0.2
1178,44512 LAKEVIEW DR,SHAVER LAKE CA 93634,108867,46757,0.144154,0.111297,1.19E-04,0.2,0.4,3.289693879,2.389693879,2.289693879,2.189693879,3,2,2,2,0.4,0.2,0.2,0.2
1179,44278 LAKEVIEW AVE,SHAVER LAKE CA 93664,108733,284776,0.133378,0.111297,1.19E-04,0.2,0.2,3.526739552,2.626739552,2.526739552,2.426739552,4,3,3,2,0.6,0.4,0.4,0.2
1180,44293 LAKEVIEW DR,SHAVER LAKE CA 93634,110354,90877,0.154018,0.111297,1.19E-04,0.2,0.2,3.699653182,2.799653182,2.699653182,2.599653182,4,3,3,3,0.6,0.4,0.4,0.4
1181,44249 SHAVER LAKE,SHAVER LAKE CA 93664,102198,95185,0.199682,0.111297,1.19E-04,0.2,0.2,3.699653182,2.799653182,2.699653182,2.599653182,4,3,3,3,0.6,0.4,0.4,0.4
1182,44342 HILLCREST,LAKESHORE CA 93634,285973,109332,0.186034,0.111297,1.19E-04,0.2,0.2,3.699653182,2.799653182,2.699653182,2.599653182,4,3,3,3,0.6,0.4,0.4,0.4
1183,44718 LAKEVIEW DR,SHAVER LAKE CA 93634,275072,324677,0.148049,0.111297,1.19E-04,0.2,0.2,3.52436003,2.62436003,2.52436003,2.42436003,4,3,3,2,0.6,0.4,0.4,0.2
1184,44719 LAKEVIEW DR,SHAVER LAKE CA 93634,325615,194020,0.185793,0.111297,1.19E-04,0.2,0.2,3.699653182,2.799653182,2.699653182,2.599653182,4,3,3,3,0.6,0.4,0.4,0.4
1185,44239 SHAVER LAKE RD,SHAVER LAKE CA 93664,138367,158436,0.176575,0.111297,1.19E-04,0.2,0.2,3.526739552,2.626739552,2.526739552,2.426739552,4,3,3,2,0.6,0.4,0.4,0.2
1186,44277 LAKEVIEW AVE,SHAVER LAKE CA 93664,318311,238732,0.142172,0.111297,1.19E-04,0.2,0.2,3.526739552,2.626739552,2.526739552,2.426739552,4,3,3,2,0.6,0.4,0.4,0.2
1187,44409 HILLCREST,LAKESHORE CA 93634,148752,96243,0.18872,0.111297,1.19E-04,0.2,0.2,3.52436003,2.62436003,2.52436003,2.42436003,4,3,3,2,0.6,0.4,0.4,0.2
1188,44444 HILLCREST,SHAVER LAKE CA 93664,1,104,0.203516,0.111297,1.19E-04,0.2,0.2,3.526739552,2.626739552,2.526739552,2.426739552,4,3,3,2,0.6,0.4,0.4,0.2
1189,44397 HILLCREST,LAKESHORE CA 93634,221016,84191,0.188698,0.111297,1.19E-04,0.2,0.2,3.52436003,2.62436003,2.52436003,2.42436003,4,3,3,2,0.6,0.4,0.4,0.2
1190,44383 HILLCREST,LAKESHORE CA 93634,300000,300000,0.17491,0.111297,1.19E-04,0.2,0.2,3.526739552,2.626739552,2.526739552,2.426739552,4,3,3,2,0.6,0.4,0.4,0.2
1191,44369 HILLCREST,SHAVER LAKE CA 93664,244500,300000,0.179433,0.111297,1.19E-04,0.2,0.2,3.52436003,2.62436003,2.52436003,2.42436003,4,3,3,2,0.6,0.4,0.4,0.2
1192,44709 LAKEVIEW AVE,SHAVER LAKE CA 93664,1244598,649355,0.171926,0.111297,1.19E-04,0.2,0.2,3.526739552,2.626739552,2.526739552,2.426739552,4,3,3,2,0.6,0.4,0.4,0.2
1193,44230 DALTON AVE,SHAVER LAKE CA 93664,93199,103555,0.183543,0.111297,1.19E-04,0.2,0.4,3.289693879,2.389693879,2.289693879,2.189693879,3,2,2,2,0.4,0.2,0.2,0.2
1194,44269 LAKEVIEW DR,SHAVER LAKE CA 93634,283654,175083,0.154327,0.111297,1.19E-04,0.2,0.2,3.699653182,2.799653182,2.699653182,2.599653182,4,3,3,3,0.6,0.4,0.4,0.4
1195,44330 HILLCREST,SHAVER LAKE CA 93664,160000,300000,0.156245,0.111297,1.19E-04,0.2,0.2,3.699653182,2.799653182,2.699653182,2.599653182,4,3,3,3,0.6,0.4,0.4,0.4
1196,44706 LAKEVIEW DR,SHAVER LAKE CA 93634,554505,388353,0.145695,0.111297,1.19E-04,0.2,0.2,3.526739552,2.626739552,2.526739552,2.426739552,4,3,3,2,0.6,0.4,0.4,0.2
1197,44343 HILLCREST,SHAVER LAKE CA 93664,119277,77174,0.141701,0.111297,1.19E-04,0.2,0.2,3.699653182,2.799653182,2.699653182,2.599653182,4,3,3,3,0.6,0.4,0.4,0.4
1199,44699 LAKEVIEW AVE,SHAVER LAKE CA 93664,1655858,496756,0.169848,0.111297,1.19E-04,0.2,0.2,3.699653182,2.799653182,2.699653182,2.599653182,4,3,3,3,0.6,0.4,0.4,0.4
1200,44318 HILLCREST,LAKESHORE CA 93634,230382,303572,0.158368,0.111297,1.19E-04,0.2,0.2,3.526739552,2.626739552,2.526739552,2.426739552,4,3,3,2,0.6,0.4,0.4,0.2
1201,44445 HILLCREST,SHAVER LAKE CA 93664,42580,38790,0.154201,0.111297,1.19E-04,0.2,0.2,3.699653182,2.799653182,2.699653182,2.599653182,4,3,3,3,0.6,0.4,0.4,0.4
1202,44402 HILLCREST,LAKESHORE CA 93634,239125,389274,0.1687,0.111297,1.19E-04,0.2,0.2,3.52436003,2.62436003,2.52436003,2.42436003,4,3,3,2,0.6,0.4,0.4,0.2
1203,44390 HILLCREST,SHAVER LAKE CA 93664,306014,100189,0.1718,0.111297,1.19E-04,0.2,0.2,3.52436003,2.62436003,2.52436003,2.42436003,4,3,3,2,0.6,0.4,0.4,0.2
1204,44378 HILLCREST,SHAVER LAKE CA 93664,187000,300000,0.150413,0.111297,1.19E-04,0.2,0.2,3.526739552,2.626739552,2.526739552,2.426739552,4,3,3,2,0.6,0.4,0.4,0.2
1205,44366 HILLCREST,SHAVER LAKE CA 93664,83116,110772,0.149701,0.111297,1.19E-04,0.2,0.2,3.194258061,2.294258061,2.194258061,2.094258061,3,2,2,2,0.4,0.2,0.2,0.2
1206,44687 LAKEVIEW AVE,SHAVER LAKE CA 93664,200000,581902,0.157141,0.111297,1.19E-04,0.2,0.2,3.526739552,2.626739552,2.526739552,2.426739552,4,3,3,2,0.6,0.4,0.4,0.2
1207,44354 HILLCREST,LAKESHORE CA 93634,91682,116548,0.151206,0.111297,1.19E-04,0.2,0.4,3.289693879,2.389693879,2.289693879,2.189693879,3,2,2,2,0.4,0.2,0.2,0.2
1208,44318 DALTON AVE,SHAVER LAKE CA 93664,161239,262782,0.137924,0.111297,1.19E-04,0.2,0.2,3.526739552,2.626739552,2.526739552,2.426739552,4,3,3,2,0.6,0.4,0.4,0.2
1209,44433 HILLCREST,LAKESHORE CA 93634,94734,71766,0.160791,0.111297,1.19E-04,0.2,0.2,3.699653182,2.799653182,2.699653182,2.599653182,4,3,3,3,0.6,0.4,0.4,0.4
1210,44421 HILLCREST AVE,LAKESHORE CA 93634,132660,69853,0.164327,0.111297,1.19E-04,0.2,0.2,3.526739552,2.626739552,2.526739552,2.426739552,4,3,3,2,0.6,0.4,0.4,0.2
1211,42147 DORABELLA,SHAVER LAKE CA 93634,152589,77174,0.229672,0.090470401,0.082189677,0.4,0.2,4.431177333,3.531177333,3.431177333,3.331177333,4,4,3,3,0.6,0.6,0.4,0.4
1212,42129 EVERGREEN,SHAVER LAKE CA 93664,72161,25256,0.201251,0.093092729,0.084571989,0.2,0.2,3.194258061,2.294258061,2.194258061,2.094258061,3,2,2,2,0.4,0.2,0.2,0.2
1213,44424 LAKEVIEW DR,SHAVER LAKE CA 93634,44614,98166,0.139784,0.111297,1.19E-04,0.2,0.2,3.526739552,2.626739552,2.526739552,2.426739552,4,3,3,2,0.6,0.4,0.4,0.2
1214,44414 LAKEVIEW AVE,SHAVER LAKE CA 93664,347624,98166,0.143927,0.111297,1.19E-04,0.2,0.2,3.526739552,2.626739552,2.526739552,2.426739552,4,3,3,2,0.6,0.4,0.4,0.2
1215,44402 LAKEVIEW DR,SHAVER LAKE CA 93634,386538,354497,0.139921,0.111297,1.19E-04,0.2,0.2,3.526739552,2.626739552,2.526739552,2.426739552,4,3,3,2,0.6,0.4,0.4,0.2
1216,44445 PLAZA,LAKESHORE CA 93634,0,238732,0.141336,0.111297,1.19E-04,0.2,0.2,3.526739552,2.626739552,2.526739552,2.426739552,4,3,3,2,0.6,0.4,0.4,0.2
1217,44498 LAKEVIEW DR,SHAVER LAKE CA 93634,154601,150052,0.149771,0.111297,1.19E-04,0.2,0.2,3.699653182,2.799653182,2.699653182,2.599653182,4,3,3,3,0.6,0.4,0.4,0.4
1219,44499 LAKEVIEW DR,SHAVER LAKE CA 93634,516215,742727,0.138877,0.111297,1.19E-04,0.2,0.2,3.526739552,2.626739552,2.526739552,2.426739552,4,3,3,2,0.6,0.4,0.4,0.2
1220,44468 LAKEVIEW AVE,SHAVER LAKE CA 93664,69850,46757,0.140082,0.111297,1.19E-04,0.2,0.2,3.526739552,2.626739552,2.526739552,2.426739552,4,3,3,2,0.6,0.4,0.4,0.2
1221,44442 LAKEVIEW DR,SHAVER LAKE CA 93634,371362,477467,0.127891,0.111297,1.19E-04,0.4,0.2,4.257132515,3.357132515,3.257132515,3.157132515,4,3,3,3,0.6,0.4,0.4,0.4
1222,44489 LAKEVIEW AVE,SHAVER LAKE CA 93664,132665,91431,0.139336,0.111297,1.19E-04,0.2,0.2,3.526739552,2.626739552,2.526739552,2.426739552,4,3,3,2,0.6,0.4,0.4,0.2
1223,44393 LAKEVIEW AVE,SHAVER LAKE CA 93664,81914,85574,0.231412,0.111297,1.19E-04,0.4,0.2,4.431177333,3.531177333,3.431177333,3.331177333,4,4,3,3,0.6,0.6,0.4,0.4
1224,44483 LAKEVIEW AVE,SHAVER LAKE CA 93664,1331491,811151,0.137522,0.111297,1.19E-04,0.2,0.2,3.699653182,2.799653182,2.699653182,2.599653182,4,3,3,3,0.6,0.4,0.4,0.4
1225,44437 LAKEVIEW DR,SHAVER LAKE CA 93634,484219,543948,0.13502,0.111297,1.19E-04,0.2,0.2,3.699653182,2.799653182,2.699653182,2.599653182,4,3,3,3,0.6,0.4,0.4,0.4
1226,44473 LAKEVIEW DR,SHAVER LAKE CA 93634,58301,85574,0.129716,0.111297,1.19E-04,0.2,0.2,3.526739552,2.626739552,2.526739552,2.426739552,4,3,3,2,0.6,0.4,0.4,0.2
1227,44447 LAKEVIEW AVE,SHAVER LAKE CA 93664,58100,85574,0.125125,0.111297,1.19E-04,0.2,0.2,3.526739552,2.626739552,2.526739552,2.426739552,4,3,3,2,0.6,0.4,0.4,0.2
1228,44461 LAKEVIEW AVE,SHAVER LAKE CA 93664,1081200,253231,0.169125,0.111297,1.19E-04,0.2,0.2,3.526739552,2.626739552,2.526739552,2.426739552,4,3,3,2,0.6,0.4,0.4,0.2
1231,44415 HILLCREST,SHAVER LAKE CA 93664,161768,103177,0.140335,0.111297,1.19E-04,0.2,0.2,3.699653182,2.799653182,2.699653182,2.599653182,4,3,3,3,0.6,0.4,0.4,0.4
1232,44667 LAKEVIEW AVE,SHAVER LAKE CA 93664,0,765000,0.14395,0.111297,1.19E-04,0.2,0.2,3.526739552,2.626739552,2.526739552,2.426739552,4,3,3,2,0.6,0.4,0.4,0.2
1233,44367 HILLCREST,SHAVER LAKE CA 93664,54523,33019,0.13975,0.111297,1.19E-04,0.4,0.2,4.431177333,3.531177333,3.431177333,3.331177333,4,4,3,3,0.6,0.6,0.4,0.4
1234,44381 HILLCREST,SHAVER LAKE CA 93664,199000,300000,0.138234,0.111297,1.19E-04,0.2,0.2,3.52436003,2.62436003,2.52436003,2.42436003,4,3,3,2,0.6,0.4,0.4,0.2
1235,44405 HILLCREST,SHAVER LAKE CA 93664,64471,33019,0.136925,0.111297,1.19E-04,0.2,0.2,3.52436003,2.62436003,2.52436003,2.42436003,4,3,3,2,0.6,0.4,0.4,0.2
1236,44355 HILLCREST,SHAVER LAKE CA 93664,410000,300000,0.13541,0.111297,1.19E-04,0.2,0.2,3.526739552,2.626739552,2.526739552,2.426739552,4,3,3,2,0.6,0.4,0.4,0.2
1237,44393 HILLCREST,SHAVER LAKE CA 93664,172331,96243,0.141367,0.111297,1.19E-04,0.2,0.2,3.526739552,2.626739552,2.526739552,2.426739552,4,3,3,2,0.6,0.4,0.4,0.2
1238,44660 LAKEVIEW DR,SHAVER LAKE CA 93634,0,38790,0.166186,0.111297,1.19E-04,0.2,0.2,3.699653182,2.799653182,2.699653182,2.599653182,4,3,3,3,0.6,0.4,0.4,0.4
1239,44342 DALTON AVE,SHAVER LAKE CA 93664,150000,300000,0.135938,0.111297,1.19E-04,0.2,0.2,3.526739552,2.626739552,2.526739552,2.426739552,4,3,3,2,0.6,0.4,0.4,0.2
1240,44657 LAKEVIEW AVE,SHAVER LAKE CA 93664,70895,62586,0.157542,0.111297,1.19E-04,0.2,0.2,3.699653182,2.799653182,2.699653182,2.599653182,4,3,3,3,0.6,0.4,0.4,0.4
1241,44452 DALTON AVE,SHAVER LAKE CA 93664,369685,264060,0.149943,0.111297,1.19E-04,0.2,0.2,3.526739552,2.626739552,2.526739552,2.426739552,4,3,3,2,0.6,0.4,0.4,0.2
1242,44654 LAKEVIEW DR,SHAVER LAKE CA 93634,126431,154354,0.152881,0.111297,1.19E-04,0.2,0.2,3.52436003,2.62436003,2.52436003,2.42436003,4,3,3,2,0.6,0.4,0.4,0.2
1243,44647 LAKEVIEW DR,SHAVER LAKE CA 93634,738819,561566,0.161146,0.111297,1.19E-04,0.2,0.2,3.699653182,2.799653182,2.699653182,2.599653182,4,3,3,3,0.6,0.4,0.4,0.4
1244,44438 DALTON,LAKESHORE CA 93634,113174,80833,0.154948,0.111297,1.19E-04,0.2,0.2,3.699653182,2.799653182,2.699653182,2.599653182,4,3,3,3,0.6,0.4,0.4,0.4
1249,42226 MAJESTIC LN,SHAVER LAKE CA 93664,0,100000,0.058078,0.142408452,0.126134434,0.1,0.1,1.914641517,1.014641517,0.914641517,0.814641517,2,1,1,1,0.2,0.1,0.1,0.1
1250,42401 CANYON VISTA LN,SHAVER LAKE CA 93664,905416,165533,0.561895,0.183121852,0.160219695,0.2,0.2,3.733649182,2.833649182,2.733649182,2.633649182,4,3,3,3,0.6,0.4,0.4,0.4
1254,42228 MAJESTIC LN,SHAVER LAKE CA 93664,0,100000,0.057916,0.142408452,0.126134434,0.2,0.2,3.014129848,2.114129848,2.014129848,1.914129848,3,2,2,2,0.4,0.2,0.2,0.2
1255,42232 MAJESTIC LN,SHAVER LAKE CA 93664,0,100000,0.061619,0.142408452,0.126134434,0.1,0.1,1.914641517,1.014641517,0.914641517,0.814641517,2,1,1,1,0.2,0.1,0.1,0.1
1256,42278 MAJESTIC LN,SHAVER LAKE CA 93664,346322,113636,0.054277,0.142408452,0.126134434,0.1,0.1,1.914641517,1.014641517,0.914641517,0.814641517,2,1,1,1,0.2,0.1,0.1,0.1
1257,42284 MAJESTIC LN,SHAVER LAKE CA 93664,345000,115000,0.056766,0.142408452,0.126134434,0.4,0.4,5.556092879,4.656092879,4.556092879,4.456092879,6,5,5,4,1,0.9,0.9,0.6
1258,42453 CANYON VISTA LN,SHAVER LAKE CA 93664,400000,200000,0.729604,0.187666543,0.164219575,0.4,0.2,4.911474939,4.011474939,3.911474939,3.811474939,5,4,4,4,0.9,0.6,0.6,0.6
1261,42266 MAJESTIC LN,SHAVER LAKE CA 93664,0,100000,0.05362,0.142408452,0.126134434,0.1,0.1,1.914641517,1.014641517,0.914641517,0.814641517,2,1,1,1,0.2,0.1,0.1,0.1
1262,42270 MAJESTIC LN,SHAVER LAKE CA 93664,0,100000,0.053544,0.142408452,0.126134434,0.1,0.1,1.914641517,1.014641517,0.914641517,0.814641517,2,1,1,1,0.2,0.1,0.1,0.1
1263,42429 CANYON VISTA LN,SHAVER LAKE CA 93664,1605109,258888,0.637484,0.184735495,0.161700521,0.4,0.2,4.911474939,4.011474939,3.911474939,3.811474939,5,4,4,4,0.9,0.6,0.6,0.6
1264,42238 MAJESTIC LN,SHAVER LAKE CA 93664,0,100000,0.068979,0.142408452,0.126134434,0.1,0.1,1.914641517,1.014641517,0.914641517,0.814641517,2,1,1,1,0.2,0.1,0.1,0.1
1267,42252 MAJESTIC LN,SHAVER LAKE CA 93664,0,100000,0.058358,0.145392175,0.128748526,0.1,0.1,1.914641517,1.014641517,0.914641517,0.814641517,2,1,1,1,0.2,0.1,0.1,0.1
1268,42298 MAJESTIC LN,SHAVER LAKE CA 93664,95000,79576,0.055164,0.142408452,0.126134434,0.1,0.1,1.914641517,1.014641517,0.914641517,0.814641517,2,1,1,1,0.2,0.1,0.1,0.1
1269,41621 DINKEY CREEK RD,SHAVER LAKE CA 93634,99206,74871,0.124971,0.12080848,0.11336349,0,0,3.76271297,2.86271297,2.76271297,2.66271297,4,3,3,3,0.6,0.4,0.4,0.4
1270,42495 CANYON VISTA LN,SHAVER LAKE CA 93664,930750,255000,0.681094,0.192466194,0.168541188,0.4,0.2,4.911474939,4.011474939,3.911474939,3.811474939,5,4,4,4,0.9,0.6,0.6,0.6
1271,42444 CANYON VISTA LN,SHAVER LAKE CA 93664,292233,228753,0.352631,0.194321942,0.169534245,0.2,0.2,3.326825061,2.426825061,2.326825061,2.226825061,3,2,2,2,0.4,0.2,0.2,0.2
1272,42316 MAJESTIC LN,SHAVER LAKE CA 93664,0,3104,0.061167,0.142408452,0.126134434,0.1,0.1,1.914641517,1.014641517,0.914641517,0.814641517,2,1,1,1,0.2,0.1,0.1,0.1
1273,42326 MAJESTIC LN,SHAVER LAKE CA 93664,0,3104,0.064583,0.158139816,0.139285891,0.2,0.2,3.326825061,2.426825061,2.326825061,2.226825061,3,2,2,2,0.4,0.2,0.2,0.2
1274,42302 MAJESTIC LN,SHAVER LAKE CA 93664,110000,79576,0.056282,0.142408452,0.126134434,0.1,0.1,1.914641517,1.014641517,0.914641517,0.814641517,2,1,1,1,0.2,0.1,0.1,0.1
1275,42308 MAJESTIC LN,SHAVER LAKE CA 93664,0,3104,0.062451,0.142408452,0.126134434,0.1,0.1,1.914641517,1.014641517,0.914641517,0.814641517,2,1,1,1,0.2,0.1,0.1,0.1
1276,42410 CANYON VISTA LN,SHAVER LAKE CA 93664,783772,275975,0.192014,0.189602522,0.165588815,0.4,0.2,4.911474939,4.011474939,3.911474939,3.811474939,5,4,4,4,0.9,0.6,0.6,0.6
1277,42477 CANYON VISTA LN,SHAVER LAKE CA 93664,0,161560,0.715536,0.189721341,0.16611178,0.4,0.2,4.911474939,4.011474939,3.911474939,3.811474939,5,4,4,4,0.9,0.6,0.6,0.6
1279,42437 BRETZ POINT LN,SHAVER LAKE CA 93664,0,103736,0.006767,0.12080848,0.11336349,0.2,0.4,5.614989448,4.714989448,4.614989448,4.514989448,6,5,5,5,1,0.9,0.9,0.9
1280,41650 MUSICK DR,SHAVER LAKE CA 93634,462914,64661,0.092522,0.12080848,0.11336349,0,0,3.76271297,2.86271297,2.76271297,2.66271297,4,3,3,3,0.6,0.4,0.4,0.4
1281,41714 MUSICK DR,SHAVER LAKE CA 93634,69862,55156,0.171976,0.12080848,0.11336349,0,0,3.76271297,2.86271297,2.76271297,2.66271297,4,3,3,3,0.6,0.4,0.4,0.4
1282,41724 MUSICK,SHAVER LAKE CA 93634,107261,66210,0.172522,0.12080848,0.11336349,0,0,3.76271297,2.86271297,2.76271297,2.66271297,4,3,3,3,0.6,0.4,0.4,0.4
1283,41417 KOKANEE,SHAVER LAKE CA 93634,121212,62151,0.047487,0.12080848,0.11336349,0,0,3.76271297,2.86271297,2.76271297,2.66271297,4,3,3,3,0.6,0.4,0.4,0.4
1284,42582 GRANITE CIRCLE,SHAVER LAKE CA 93664,0,86074,0.587642,0.183882538,0.16633633,0.1,0.2,2.095228455,1.195228455,1.095228455,0.995228455,2,1,1,1,0.2,0.1,0.1,0.1
1285,42475 PINNACLE LN,SHAVER LAKE CA 93664,241486,168844,0.644079,0.183103025,0.166343431,0.1,0.2,2.095228455,1.195228455,1.095228455,0.995228455,2,1,1,1,0.2,0.1,0.1,0.1
1286,42509 PINNACLE LN,SHAVER LAKE CA 93664,800000,300000,0.593093,0.180919698,0.163946784,0.4,0.4,5.556092879,4.656092879,4.556092879,4.456092879,6,5,5,4,1,0.9,0.9,0.6
1287,42603 GRANITE CIRCLE,SHAVER LAKE CA 93664,714000,175070,0.654944,0.186521665,0.169278977,0.1,0.2,2.095228455,1.195228455,1.095228455,0.995228455,2,1,1,1,0.2,0.1,0.1,0.1
1288,42449 PINNACLE LN,SHAVER LAKE CA 93664,800000,200000,0.463115,0.184141091,0.167537889,0.4,0.4,5.556092879,4.656092879,4.556092879,4.456092879,6,5,5,4,1,0.9,0.9,0.6
1289,42373 CANYON VISTA LN,SHAVER LAKE CA 93664,413685,142812,0.250609,0.177017432,0.155067643,0.4,0.2,5.915669606,5.015669606,4.915669606,4.815669606,6,5,5,5,1,0.9,0.9,0.9
1290,42595 CANYON VISTA LN,SHAVER LAKE CA 93664,0,134621,0.651007,0.210207623,0.183997234,0.2,0.2,3.76271297,2.86271297,2.76271297,2.66271297,4,3,3,3,0.6,0.4,0.4,0.4
1292,42693 CANYON VISTA LN,SHAVER LAKE CA 93664,1244598,216451,0.653801,0.218067091,0.188624624,0.2,0.2,3.699653182,2.799653182,2.699653182,2.599653182,4,3,3,3,0.6,0.4,0.4,0.4
1293,41862 BRETZ,SHAVER LAKE CA 93664,184357,31029,5.155385,0.217402181,0.189092646,0.4,0.2,4.358859455,3.458859455,3.358859455,3.258859455,4,3,3,3,0.6,0.4,0.4,0.4
1295,42603 CANYON VISTA LN,SHAVER LAKE CA 93664,1241087,237653,0.643917,0.213575828,0.186391192,0.2,0.2,3.52436003,2.62436003,2.52436003,2.42436003,4,3,3,2,0.6,0.4,0.4,0.2
1297,42671 CANYON VISTA LN,SHAVER LAKE CA 93664,0,196754,0.617702,0.218015485,0.188952748,0.2,0.2,3.699653182,2.799653182,2.699653182,2.599653182,4,3,3,3,0.6,0.4,0.4,0.4
1298,42216 MAJESTIC LN,SHAVER LAKE CA 93664,260000,89250,0.058133,0.142408452,0.126134434,0.1,0.1,1.914641517,1.014641517,0.914641517,0.814641517,2,1,1,1,0.2,0.1,0.1,0.1
1299,42278 SUMMIT LN,SHAVER LAKE CA 93664,0,349,0.004659,0.142408452,0.126134434,0.1,0.1,1.914641517,1.014641517,0.914641517,0.814641517,2,1,1,1,0.2,0.1,0.1,0.1
1300,42152 MAJESTIC LN,SHAVER LAKE CA 93664,334000,111000,0.042551,0.142408452,0.126134434,0.1,0.1,1.914641517,1.014641517,0.914641517,0.814641517,2,1,1,1,0.2,0.1,0.1,0.1
1301,42158 MAJESTIC LN,SHAVER LAKE CA 93664,327000,108000,0.039678,0.142408452,0.126134434,0.1,0.1,1.914641517,1.014641517,0.914641517,0.814641517,2,1,1,1,0.2,0.1,0.1,0.1
1302,42659 GRANITE CIRCLE,SHAVER LAKE CA 93664,160000,116186,0.597302,0.187063432,0.170031878,0.4,0.2,4.129454545,3.229454545,3.129454545,3.029454545,4,3,3,3,0.6,0.4,0.4,0.4
1303,42433 PINNACLE LN,SHAVER LAKE CA 93664,1948069,216451,0.320896,0.18588084,0.169409099,0.2,0.2,4.10963303,3.20963303,3.10963303,3.00963303,4,3,3,3,0.6,0.4,0.4,0.4
1304,42108 MAJESTIC LN,SHAVER LAKE CA 93664,0,100000,0.056276,0.131371578,0.116066876,0.1,0.1,1.914641517,1.014641517,0.914641517,0.814641517,2,1,1,1,0.2,0.1,0.1,0.1
1305,42104 MAJESTIC LN,SHAVER LAKE CA 93664,0,100000,0.055559,0.142408452,0.126134434,0.1,0.1,1.914641517,1.014641517,0.914641517,0.814641517,2,1,1,1,0.2,0.1,0.1,0.1
1306,42114 MAJESTIC LN,SHAVER LAKE CA 93664,0,100000,0.058706,0.142408452,0.126134434,0.1,0.1,1.914641517,1.014641517,0.914641517,0.814641517,2,1,1,1,0.2,0.1,0.1,0.1
1307,42130 MAJESTIC LN,SHAVER LAKE CA 93664,0,100000,0.049578,0.142408452,0.126134434,0.1,0.1,1.914641517,1.014641517,0.914641517,0.814641517,2,1,1,1,0.2,0.1,0.1,0.1
1308,42138 MAJESTIC LN,SHAVER LAKE CA 93664,0,100000,0.043913,0.133996096,0.118525448,0.1,0.1,1.914641517,1.014641517,0.914641517,0.814641517,2,1,1,1,0.2,0.1,0.1,0.1
1309,42645 CANYON VISTA LN,SHAVER LAKE CA 93664,565658,184561,0.620526,0.216345835,0.187946287,0.2,0.2,3.699653182,2.799653182,2.699653182,2.599653182,4,3,3,3,0.6,0.4,0.4,0.4
1310,42629 CANYON VISTA LN,SHAVER LAKE CA 93664,0,152225,0.675092,0.217792539,0.189557164,0.2,0.2,3.699653182,2.799653182,2.699653182,2.599653182,4,3,3,3,0.6,0.4,0.4,0.4
1312,42194 MAJESTIC LN,SHAVER LAKE CA 93664,0,100000,0.055135,0.203022923,0.186376086,0.1,0.1,1.914641517,1.014641517,0.914641517,0.814641517,2,1,1,1,0.2,0.1,0.1,0.1
1313,42200 MAJESTIC LN,SHAVER LAKE CA 93664,0,100000,0.057974,0.139514533,0.123559223,0.1,0.1,1.914641517,1.014641517,0.914641517,0.814641517,2,1,1,1,0.2,0.1,0.1,0.1
1318,52214 CHAHLIP LN,SHAVER LAKE CA 93664,69221,27368,1.002473,0.124485625,0.135563351,0.2,0.2,3.700334636,2.800334636,2.700334636,2.600334636,4,3,3,3,0.6,0.4,0.4,0.4
1319,52158 CHAHLIP LN,SHAVER LAKE CA 93664,192387,33274,0.795988,0.12153454,0.132158068,0.2,0.2,3.326825061,2.426825061,2.326825061,2.226825061,3,2,2,2,0.4,0.2,0.2,0.2
1320,52202 CHAHLIP LN,SHAVER LAKE CA 93664,260000,100000,1.370907,0.122224855,0.132648715,0.4,0.2,4.911474939,4.011474939,3.911474939,3.811474939,5,4,4,4,0.9,0.6,0.6,0.6
1321,52180 CHAHLIP LN,SHAVER LAKE CA 93664,201854,62464,1.011018,0.11890767,0.129062488,0.4,0.2,4.358859455,3.458859455,3.358859455,3.258859455,4,3,3,3,0.6,0.4,0.4,0.4
1322,42499 BRETZ POINT LN,SHAVER LAKE CA 93664,0,142699,0.556242,0.202833286,0.176443687,0.4,0.4,5.556092879,4.656092879,4.556092879,4.456092879,6,5,5,4,1,0.9,0.9,0.6
1323,42553 PINNACLE LN,SHAVER LAKE CA 93664,0,200000,0.694501,0.176491341,0.159049745,0.6,0.4,7.186119697,6.286119697,6.186119697,6.086119697,6,6,6,6,1,1,1,1
1327,42210 MAJESTIC LN,SHAVER LAKE CA 93664,200000,89250,0.055162,0.142408452,0.126134434,0.1,0.1,1.914641517,1.014641517,0.914641517,0.814641517,2,1,1,1,0.2,0.1,0.1,0.1
1329,42632 BRETZ POINT LN,SHAVER LAKE CA 93664,828444,207111,0.573841,0.202090448,0.176566532,0.4,0.2,4.358859455,3.458859455,3.358859455,3.258859455,4,3,3,3,0.6,0.4,0.4,0.4
1330,42761 CANYON VISTA LN,SHAVER LAKE CA 93664,0,200000,0.619077,0.207450958,0.179675603,0.4,0.2,4.358859455,3.458859455,3.358859455,3.258859455,4,3,3,3,0.6,0.4,0.4,0.4
1332,52692 DINKEY CREEK RD,SHAVER LAKE CA 93664,49676,16597,19.637658,0.152800943,0.147223362,0.2,0.2,3.76271297,2.86271297,2.76271297,2.66271297,4,3,3,3,0.6,0.4,0.4,0.4
1334,52134 CHAHLIP LN,SHAVER LAKE CA 93664,50455,21872,0.88485,0.122098929,0.133152141,0.2,0.2,3.326825061,2.426825061,2.326825061,2.226825061,3,2,2,2,0.4,0.2,0.2,0.2
1335,42283 COOK CABIN,SHAVER LAKE CA 93664,514072,229724,0.002472,0.130780876,0.115678199,0.1,0.1,1.914641517,1.014641517,0.914641517,0.814641517,2,1,1,1,0.2,0.1,0.1,0.1
1337,42555 BRETZ POINT LN,SHAVER LAKE CA 93664,1600663,1103905,0.863565,0.205333887,0.178740266,0.2,0.2,3.76271297,2.86271297,2.76271297,2.66271297,4,3,3,3,0.6,0.4,0.4,0.4
1338,42502 BRETZ POINT LN,SHAVER LAKE CA 93664,363534,125801,0.573723,0.209046086,0.181144051,0.4,0.2,4.358859455,3.458859455,3.358859455,3.258859455,4,3,3,3,0.6,0.4,0.4,0.4
1339,42654 BRETZ POINT LN,SHAVER LAKE CA 93664,0,140010,0.576709,0.197839805,0.172851138,0.4,0.2,4.286504621,3.386504621,3.286504621,3.186504621,4,3,3,3,0.6,0.4,0.4,0.4
1340,42785 CANYON VISTA LN,SHAVER LAKE CA 93664,450000,200000,0.640045,0.203181774,0.176184263,0.4,0.2,4.358859455,3.458859455,3.358859455,3.258859455,4,3,3,3,0.6,0.4,0.4,0.4
1341,42480 BRETZ POINT LN,SHAVER LAKE CA 93664,776665,207111,0.573955,0.203246194,0.176326168,0.2,0.2,3.700334636,2.800334636,2.700334636,2.600334636,4,3,3,3,0.6,0.4,0.4,0.4
1344,42739 CANYON VISTA LN,SHAVER LAKE CA 93664,0,112000,0.62437,0.212438071,0.183661445,0.2,0.2,3.76271297,2.86271297,2.76271297,2.66271297,4,3,3,3,0.6,0.4,0.4,0.4
1345,42482 CANYON VISTA LN,SHAVER LAKE CA 93664,0,142800,0.540408,0.196889885,0.171859974,0.4,0.2,4.358859455,3.458859455,3.358859455,3.258859455,4,3,3,3,0.6,0.4,0.4,0.4
1346,42471 BRETZ POINT LN,SHAVER LAKE CA 93664,0,111372,0.227051,0.199942496,0.173951094,0.2,0.4,5.614989448,4.714989448,4.614989448,4.514989448,6,5,5,5,1,0.9,0.9,0.9
1347,42330 MAJESTIC LN,SHAVER LAKE CA 93664,0,3104,0.066161,0.142408452,0.126134434,0.1,0.1,1.914641517,1.014641517,0.914641517,0.814641517,2,1,1,1,0.2,0.1,0.1,0.1
1351,38692 UPPER,SHAVER LAKE CA 93664,112022,175509,27.042879,0.15916209,0.143680542,0.2,0.2,3.699653182,2.799653182,2.699653182,2.599653182,4,3,3,3,0.6,0.4,0.4,0.4
1359,41012 PETERSON RD,SHAVER LAKE CA 93664,53220,24260,116.413861,0.180137078,0.16328722,0.9,0.2,8.870825091,7.970825091,7.870825091,7.770825091,6,6,6,6,1,1,1,1
1363,52248 DINKEY CREEK RD,SHAVER LAKE CA 93664,195000,80000,4.938573,0.144987043,0.156156858,0.4,0.2,4.911474939,4.011474939,3.911474939,3.811474939,5,4,4,4,0.9,0.6,0.6,0.6
1365,52244 DINKEY CREEK RD,SHAVER LAKE CA 93664,145513,27532,15.95379,0.135697589,0.145074971,0.1,0.2,2.095228455,1.195228455,1.095228455,0.995228455,2,1,1,1,0.2,0.1,0.1,0.1
1371,38680 UPPER CRESSMAN RD,SHAVER LAKE CA 93664,26873,22060,0.013327,0.161895694,0.146837539,0,0,3.699653182,2.799653182,2.699653182,2.599653182,4,3,3,3,0.6,0.4,0.4,0.4
1373,42534 BRETZ POINT LN,SHAVER LAKE CA 93664,794116,155335,0.573763,0.21156914,0.183450351,0.4,0.2,4.431177333,3.531177333,3.431177333,3.331177333,4,4,3,3,0.6,0.6,0.4,0.4
1374,42558 BRETZ POINT LN,SHAVER LAKE CA 93664,0,248533,0.573569,0.212016617,0.184196887,0.2,0.2,3.52436003,2.62436003,2.52436003,2.42436003,4,3,3,2,0.6,0.4,0.4,0.2
1375,42586 BRETZ POINT LN,SHAVER LAKE CA 93664,714000,204000,0.573501,0.21045587,0.183412798,0.2,0.2,3.52436003,2.62436003,2.52436003,2.42436003,4,3,3,2,0.6,0.4,0.4,0.2
1376,42717 CANYON VISTA LN,SHAVER LAKE CA 93664,0,150000,0.631187,0.216410867,0.18692303,0.2,0.2,3.76271297,2.86271297,2.76271297,2.66271297,4,3,3,3,0.6,0.4,0.4,0.4
1378,53700 PROVIDENCE CREEK RD,SHAVER LAKE CA 93664,43741,30255,4.991832,0.247679886,0.261756143,0.2,0.2,3.699653182,2.799653182,2.699653182,2.599653182,4,3,3,3,0.6,0.4,0.4,0.4
1380,53798 PROVIDENCE CREEK RD,SHAVER LAKE CA 93664,133714,124491,5.144601,0.158969624,0.16690928,0.2,0.2,3.52436003,2.62436003,2.52436003,2.42436003,4,3,3,2,0.6,0.4,0.4,0.2
1381,42180 MAJESTIC LN,SHAVER LAKE CA 93664,0,100000,0.055602,0.142408452,0.126134434,0.1,0.1,1.914641517,1.014641517,0.914641517,0.814641517,2,1,1,1,0.2,0.1,0.1,0.1
1382,42190 MAJESTIC LN,SHAVER LAKE CA 93664,0,100000,0.053983,0.142408452,0.126134434,0.1,0.1,1.914641517,1.014641517,0.914641517,0.814641517,2,1,1,1,0.2,0.1,0.1,0.1
1386,54059 PROVIDENCE CREEK RD,SHAVER LAKE CA 93664,N/A,N/A,5.107214,0.226571145,0.23229658,0.2,0.2,3.699653182,2.799653182,2.699653182,2.599653182,4,3,3,3,0.6,0.4,0.4,0.4
1389,38994 CRESSMAN,SHAVER LAKE CA 93664,7630,76366,3.798707,0.266923811,0.242756134,0.9,0.2,8.870825091,7.970825091,7.870825091,7.770825091,6,6,6,6,1,1,1,1
1391,52216 DINKEY CREEK RD,SHAVER LAKE CA 93664,140692,81168,5.24811,0.136233215,0.144680401,0.2,0.2,3.733649182,2.833649182,2.733649182,2.633649182,4,3,3,3,0.6,0.4,0.4,0.4
1392,52212 EXCHEQUER DR,SHAVER LAKE CA 93664,180000,100000,2.112431,0.123228769,0.134780788,0.2,0.2,3.326825061,2.426825061,2.326825061,2.226825061,3,2,2,2,0.4,0.2,0.2,0.2
1393,52105 CHAHLIP LN,SHAVER LAKE CA 93664,96685,33274,0.684419,0.11729889,0.128484809,0.4,0.4,5.556092879,4.656092879,4.556092879,4.456092879,6,5,5,4,1,0.9,0.9,0.6
1394,42164 MAJESTIC LN,SHAVER LAKE CA 93664,341700,112200,0.040662,0.142408452,0.126134434,0.1,0.1,1.914641517,1.014641517,0.914641517,0.814641517,2,1,1,1,0.2,0.1,0.1,0.1
1395,42170 MAJESTIC LN,SHAVER LAKE CA 93664,327000,108000,0.045503,0.136710408,0.121022896,0.1,0.1,1.914641517,1.014641517,0.914641517,0.814641517,2,1,1,1,0.2,0.1,0.1,0.1
1397,52346 DINKEY CREEK,SHAVER LAKE CA 93664,101301,53318,2.254908,0.128202832,0.134669083,0.1,0.2,2.095228455,1.195228455,1.095228455,0.995228455,2,1,1,1,0.2,0.1,0.1,0.1
1398,43363 GARNET LN,SHAVER LAKE CA 93664,0,172936,0.037462,0.154867289,0.136561345,0.2,0.4,5.614989448,4.714989448,4.614989448,4.514989448,6,5,5,5,1,0.9,0.9,0.9
1401,54564 MCKINLEY GROVE RD,SHAVER LAKE CA 93664,65000,135000,0.589655,0.187426677,0.208949552,0.4,0.2,4.358859455,3.458859455,3.358859455,3.258859455,4,3,3,3,0.6,0.4,0.4,0.4
1403,36133 TOLLHOUSE RD,SHAVER LAKE CA 93664,57906,22066,5.035487,0.200917087,0.183633761,0.9,0.2,8.870825091,7.970825091,7.870825091,7.770825091,6,6,6,6,1,1,1,1
1404,43393 GARNET LN,SHAVER LAKE CA 93664,615111,137934,0.299036,0.154867289,0.136561345,0.4,0.4,5.556092879,4.656092879,4.556092879,4.456092879,6,5,5,4,1,0.9,0.9,0.6
1409,37438 UPPER,SHAVER LAKE CA 93664,54000,75000,17.600417,0.16832259,0.153824291,0.9,0.2,8.870825091,7.970825091,7.870825091,7.770825091,6,6,6,6,1,1,1,1
1412,39482 UPPER,SHAVER LAKE CA 93664,134712,105240,13.813884,0.177671981,0.162999597,0.9,0.2,8.870825091,7.970825091,7.870825091,7.770825091,6,6,6,6,1,1,1,1
1413,50106 DINKEY CREEK,SHAVER LAKE CA 93664,73514,52285,19.979867,0.188855665,0.215077331,0.1,0.2,2.095228455,1.195228455,1.095228455,0.995228455,2,1,1,1,0.2,0.1,0.1,0.1
1418,52217 CHAHLIP LN,SHAVER LAKE CA 93664,78021,21872,0.806905,0.118159651,0.129029553,0.2,0.2,3.733649182,2.833649182,2.733649182,2.633649182,4,3,3,3,0.6,0.4,0.4,0.4
1419,52116 CHAHLIP LN,SHAVER LAKE CA 93664,0,62151,0.737902,0.12243837,0.133855405,0.2,0.2,3.326825061,2.426825061,2.326825061,2.226825061,3,2,2,2,0.4,0.2,0.2,0.2
1420,52163 CHAHLIP LN,SHAVER LAKE CA 93664,250000,100000,0.802325,0.117718999,0.128407081,0.4,0.4,5.556092879,4.656092879,4.556092879,4.456092879,6,5,5,4,1,0.9,0.9,0.6
1431,60555 TRIMMER SPRINGS RD,SANGER CA 93657,N/A,N/A,29.745218,0.309508963,0.296927845,0,0,0,-0.9,-1,-1.1,0,-1,-1,-1,#N/A,#N/A,#N/A,#N/A
1433,40804 LEOPARD LILLY LN,SHAVER LAKE CA 93664,369240,106103,0.001152,0.158431138,0.141662516,0,0,3.194258061,2.294258061,2.194258061,2.094258061,3,2,2,2,0.4,0.2,0.2,0.2
1443,41030 PETERSON RD,SHAVER LAKE CA 93664,387600,102000,41.394357,0.239276254,0.218150531,0.2,0.2,3.699653182,2.799653182,2.699653182,2.599653182,4,3,3,3,0.6,0.4,0.4,0.4
1446,52218 EXCHEQUER DR,SHAVER LAKE CA 93664,250000,100000,0.642851,0.12599869,0.138341324,0.4,0.2,4.911474939,4.011474939,3.911474939,3.811474939,5,4,4,4,0.9,0.6,0.6,0.6
1447,52110 EXCHEQUER DR,SHAVER LAKE CA 93664,89248,19886,0.703096,0.117911469,0.129429338,0.4,0.2,4.911474939,4.011474939,3.911474939,3.811474939,5,4,4,4,0.9,0.6,0.6,0.6
1448,52152 EXCHEQUER DR,SHAVER LAKE CA 93664,70640,18983,0.682708,0.11758753,0.129035178,0.2,0.2,3.326825061,2.426825061,2.326825061,2.226825061,3,2,2,2,0.4,0.2,0.2,0.2
1449,39400 LITTLEFIELD RD,SHAVER LAKE CA 93664,0,9232,39.209573,0.149876202,0.133626425,0.2,0.2,3.699653182,2.799653182,2.699653182,2.599653182,4,3,3,3,0.6,0.4,0.4,0.4
1450,41379 TIMBER,SHAVER LAKE CA 93634,95060,158436,0.090525,0.12080848,0.11336349,0.2,0.2,3.753253759,2.853253759,2.753253759,2.653253759,4,3,3,3,0.6,0.4,0.4,0.4
1451,41438 KOKANEE,SHAVER LAKE CA 93634,142812,64910,0.267765,0.12080848,0.11336349,0.2,0.2,3.753253759,2.853253759,2.753253759,2.653253759,4,3,3,3,0.6,0.4,0.4,0.4
1452,41426 KOKANEE LN,SHAVER LAKE CA 93664,119000,52489,0.060796,0.12080848,0.11336349,0.2,0.2,3.753253759,2.853253759,2.753253759,2.653253759,4,3,3,3,0.6,0.4,0.4,0.4
1458,51124 DINKEY CREEK RD,SHAVER LAKE CA 93664,167539,30755,88.811447,0.18072414,0.200704085,0.2,0.2,3.566368121,2.666368121,2.566368121,2.466368121,4,3,3,2,0.6,0.4,0.4,0.2
1461,52064 EXCHEQUER DR,SHAVER LAKE CA 93664,136254,105624,0.819602,0.122471494,0.134368517,0.2,0.2,3.326825061,2.426825061,2.326825061,2.226825061,3,2,2,2,0.4,0.2,0.2,0.2
1475,43348 LEISURE LN,SHAVER LAKE CA 93664,242000,200000,0.302537,0.185189359,0.165797997,0.4,0.2,4.911474939,4.011474939,3.911474939,3.811474939,5,4,4,4,0.9,0.6,0.6,0.6
1476,44509 LAKEVIEW AVE,SHAVER LAKE CA 93664,577364,511253,0.155017,0.111297,1.19E-04,0.2,0.2,3.526739552,2.626739552,2.526739552,2.426739552,4,3,3,2,0.6,0.4,0.4,0.2
1480,42410 HANGING BRANCH,SHAVER LAKE CA 93664,17835,45058,5.169597,0.208002195,0.183301804,0.2,0.2,3.733649182,2.833649182,2.733649182,2.633649182,4,3,3,3,0.6,0.4,0.4,0.4
1483,42404 HANGING BRANCH,SHAVER LAKE CA 93664,221922,71323,4.991173,0.192703024,0.171737964,0.6,0.4,7.186119697,6.286119697,6.186119697,6.086119697,6,6,6,6,1,1,1,1
1487,44343 DALTON AVE,SHAVER LAKE CA 93664,1000000,600000,0.263355,0.111297,1.19E-04,0.4,0.2,4.431177333,3.531177333,3.431177333,3.331177333,4,4,3,3,0.6,0.6,0.4,0.4
1491,42825 HIGHWAY 168,SHAVER LAKE CA 93634,1076549,1020383,162.406219,0.048304274,0.046116401,0.2,0.2,3.76271297,2.86271297,2.76271297,2.66271297,4,3,3,3,0.6,0.4,0.4,0.4
1492,44438 LAKEVIEW DR,SHAVER LAKE CA 93634,88203,148819,0.193105,0.111297,1.19E-04,0.2,0.2,3.699653182,2.799653182,2.699653182,2.599653182,4,3,3,3,0.6,0.4,0.4,0.4
1496,50206 DINKEY CREEK RD,SHAVER LAKE CA 93664,69286,48710,118.570203,0.193218844,0.217001929,0.2,0.2,3.939621879,3.039621879,2.939621879,2.839621879,4,3,3,3,0.6,0.4,0.4,0.4
1497,52584 DINKEY CREEK RD,SHAVER LAKE CA 93664,12814,23105,37.960742,0.19502871,0.193488074,0.4,0.2,4.431177333,3.531177333,3.431177333,3.331177333,4,4,3,3,0.6,0.6,0.4,0.4
1498,38303 WOODLAND,SHAVER LAKE CA 93664,0,108120,80.989365,0.363337916,0.335803961,0.2,0.2,3.699653182,2.799653182,2.699653182,2.599653182,4,3,3,3,0.6,0.4,0.4,0.4
1502,42342 BLUE CANYON RD,SHAVER LAKE CA 93664,1734000,324677,4.478905,0.159518778,0.140311367,0.2,0.2,3.733649182,2.833649182,2.733649182,2.633649182,4,3,3,3,0.6,0.4,0.4,0.4
1505,42538 CANYON VISTA LN,SHAVER LAKE CA 93664,900000,300000,0.631471,0.195154928,0.170946307,0.4,0.2,4.911474939,4.011474939,3.911474939,3.811474939,5,4,4,4,0.9,0.6,0.6,0.6
1509,41856 BRETZ,SHAVER LAKE CA 93664,161679,82451,4.320442,0.194073027,0.170525865,0.2,0.2,3.700334636,2.800334636,2.700334636,2.600334636,4,3,3,3,0.6,0.4,0.4,0.4
1513,41548 DINKEY CREEK RD,SHAVER LAKE CA 93634,0,82788,0.203342,0.12080848,0.11336349,0.2,0.2,3.753253759,2.853253759,2.753253759,2.653253759,4,3,3,3,0.6,0.4,0.4,0.4
1517,42277 COOK CABIN LN,SHAVER LAKE CA 93664,678287,79006,0.208056,0.130780876,0.115678199,0.6,0.4,7.186119697,6.286119697,6.186119697,6.086119697,6,6,6,6,1,1,1,1
1518,42555 CANYON VISTA LN,SHAVER LAKE CA 93664,714000,306000,0.539713,0.201088273,0.176051369,0.4,0.2,4.358859455,3.458859455,3.358859455,3.258859455,4,3,3,3,0.6,0.4,0.4,0.4
1521,44302 LAKEVIEW AVE,SHAVER LAKE CA 93664,0,64904,0.292321,0.111297,1.19E-04,0.2,0.2,3.699653182,2.799653182,2.699653182,2.599653182,4,3,3,3,0.6,0.4,0.4,0.4
1527,52085 EXCHEQUER DR,SHAVER LAKE CA 93664,32321,29249,0.910161,0.123264811,0.135519884,0.2,0.2,3.326825061,2.426825061,2.326825061,2.226825061,3,2,2,2,0.4,0.2,0.2,0.2
1528,42587 CANYON VISTA LN,SHAVER LAKE CA 93664,303807,202612,0.577611,0.205538278,0.179880166,0.2,0.2,3.194258061,2.294258061,2.194258061,2.094258061,3,2,2,2,0.4,0.2,0.2,0.2
1530,42406 HANGING BRANCH,SHAVER LAKE CA 93664,206335,131295,4.976075,0.19978288,0.177739082,0.4,0.4,4.889878121,3.989878121,3.889878121,3.789878121,5,4,4,4,0.9,0.6,0.6,0.6
1531,42418 HANGING BRANCH,SHAVER LAKE CA 93664,71457,43414,3.389494,0.189965146,0.168183048,0.2,0.2,3.326825061,2.426825061,2.326825061,2.226825061,3,2,2,2,0.4,0.2,0.2,0.2
1533,421635 BIG PINE CRT,SHAVER LAKE CA 93664,0,112200,0.002208,0.187501479,0.164055343,0,0,5.556092879,4.656092879,4.556092879,4.456092879,6,5,5,4,1,0.9,0.9,0.6
1541,52710 DINKEY CREEK RD,SHAVER LAKE CA 93664,509296,396115,59.436494,0.230524736,0.233277401,0.2,0.2,3.52436003,2.62436003,2.52436003,2.42436003,4,3,3,2,0.6,0.4,0.4,0.2
1547,42385 TOLLHOUSE RD,LAKESHORE CA 93634,N/A,N/A,101.981024,0.056210272,0.052057636,0.2,0.2,3.76271297,2.86271297,2.76271297,2.66271297,4,3,3,3,0.6,0.4,0.4,0.4
1548,42231 FINCH,SHAVER LAKE CA 93634,17688,34812,0.168164,0.077358746,0.07027813,0.2,0.2,3.76271297,2.86271297,2.76271297,2.66271297,4,3,3,3,0.6,0.4,0.4,0.4
1549,44430 LAKEVIEW AVE,SHAVER LAKE CA 93664,556107,338113,0.152224,0.111297,1.19E-04,0.2,0.2,3.699653182,2.799653182,2.699653182,2.599653182,4,3,3,3,0.6,0.4,0.4,0.4
1551,42642 TOLLHOUSE RD,LAKESHORE CA 93634,N/A,N/A,280.304389,0.00646204,0.005905913,0.2,0.2,3.52436003,2.62436003,2.52436003,2.42436003,4,3,3,2,0.6,0.4,0.4,0.2
1565,42610 BRETZ POINT LN,SHAVER LAKE CA 93664,0,168780,0.573588,0.206641481,0.180439064,0.2,0.2,3.52436003,2.62436003,2.52436003,2.42436003,4,3,3,2,0.6,0.4,0.4,0.2
1566,44185 HWY 168,LAKESHORE CA 93634,1181466,621333,3.541173,0.111297,1.19E-04,0.2,0.2,3.699653182,2.799653182,2.699653182,2.599653182,4,3,3,3,0.6,0.4,0.4,0.4
1567,41385 TIMBER,SHAVER LAKE CA 93634,209149,80534,0.093697,0.12080848,0.11336349,0.2,0.2,3.753253759,2.853253759,2.753253759,2.653253759,4,3,3,3,0.6,0.4,0.4,0.4
1568,41345 MUSICK DR,SHAVER LAKE CA 93634,48343,58301,0.410427,0.12080848,0.11336349,0.2,0.2,3.753253759,2.853253759,2.753253759,2.653253759,4,3,3,3,0.6,0.4,0.4,0.4
1571,44264 LAKEVIEW DR,SHAVER LAKE CA 93634,306263,428769,0.130692,0.111297,1.19E-04,0.2,0.2,3.52436003,2.62436003,2.52436003,2.42436003,4,3,3,2,0.6,0.4,0.4,0.2
1572,44292 LAKEVIEW DR,SHAVER LAKE CA 93634,370210,414222,0.157829,0.111297,1.19E-04,0.2,0.2,3.52436003,2.62436003,2.52436003,2.42436003,4,3,3,2,0.6,0.4,0.4,0.2
1573,44522 LAKEVIEW DR,SHAVER LAKE CA 93634,360000,500000,0.135703,0.111297,1.19E-04,0.2,0.2,3.526739552,2.626739552,2.526739552,2.426739552,4,3,3,2,0.6,0.4,0.4,0.2
1574,44424 HILLCREST,LAKESHORE CA 93634,470000,400000,0.162513,0.111297,1.19E-04,0.2,0.2,3.526739552,2.626739552,2.526739552,2.426739552,4,3,3,2,0.6,0.4,0.4,0.2
1575,44677 LAKEVIEW AVE,SHAVER LAKE CA 93664,260000,581902,0.152342,0.111297,1.19E-04,0.2,0.2,3.526739552,2.626739552,2.526739552,2.426739552,4,3,3,2,0.6,0.4,0.4,0.2
1576,44633 LAKEVIEW DR,SHAVER LAKE CA 93634,498887,424415,0.129337,0.111297,1.19E-04,0.2,0.2,3.526739552,2.626739552,2.526739552,2.426739552,4,3,3,2,0.6,0.4,0.4,0.2
1578,44423 LAKEVIEW DR,SHAVER LAKE CA 93634,541129,757581,0.14643,0.111297,1.19E-04,0.2,0.2,3.526739552,2.626739552,2.526739552,2.426739552,4,3,3,2,0.6,0.4,0.4,0.2
1580,42231 BUCKEYE,SHAVER LAKE CA 93634,60492,17290,0.02316,0.080132446,0.076344758,0.2,0.2,3.753253759,2.853253759,2.753253759,2.653253759,4,3,3,3,0.6,0.4,0.4,0.4
1581,42197 HEMLOCK,SHAVER LAKE CA 93634,137265,74870,0.011585,0.080132446,0.076344758,0.2,0.2,3.753253759,2.853253759,2.753253759,2.653253759,4,3,3,3,0.6,0.4,0.4,0.4
1585,42732 GRANITE CIRCLE,SHAVER LAKE CA 93664,0,125000,0.622735,0.196247736,0.179279353,0.2,0.2,3.326825061,2.426825061,2.326825061,2.226825061,3,2,2,2,0.4,0.2,0.2,0.2
1586,41604 MUSICK,SHAVER LAKE CA 93634,261438,93589,0.101066,0.12080848,0.11336349,0.2,0.2,3.753253759,2.853253759,2.753253759,2.653253759,4,3,3,3,0.6,0.4,0.4,0.4
1587,42387 CANYON VISTA LN,SHAVER LAKE CA 93664,373669,155335,0.429596,0.17999803,0.157599114,0.4,0.4,5.556092879,4.656092879,4.556092879,4.456092879,6,5,5,4,1,0.9,0.9,0.6
1588,52186 EXCHEQUER DR,SHAVER LAKE CA 93664,153000,102000,0.686944,0.121192306,0.133023519,0.4,0.2,4.358859455,3.458859455,3.358859455,3.258859455,4,3,3,3,0.6,0.4,0.4,0.4
1590,44410 DALTON,LAKESHORE CA 93634,354695,104556,0.138471,0.111297,1.19E-04,0.2,0.2,3.526739552,2.626739552,2.526739552,2.426739552,4,3,3,2,0.6,0.4,0.4,0.2
1591,44287 LAKEVIEW DR,SHAVER LAKE CA 93634,N/A,N/A,616.081864,0.111297,1.19E-04,0.2,0.2,3.52436003,2.62436003,2.52436003,2.42436003,4,3,3,2,0.6,0.4,0.4,0.2
1592,44377 LAKEVIEW DR,SHAVER LAKE CA 93634,0,92873,0.248741,0.111297,1.19E-04,0.2,0.2,3.52436003,2.62436003,2.52436003,2.42436003,4,3,3,2,0.6,0.4,0.4,0.2
1594,44356 CASCADE,LAKESHORE CA 93634,498139,239137,0.149702,0.111297,1.19E-04,0.2,0.2,3.526739552,2.626739552,2.526739552,2.426739552,4,3,3,2,0.6,0.4,0.4,0.2
1595,44378 LAKEVIEW DR,SHAVER LAKE CA 93634,1457580,612000,0.142711,0.111297,1.19E-04,0.2,0.2,3.526739552,2.626739552,2.526739552,2.426739552,4,3,3,2,0.6,0.4,0.4,0.2
1596,44341 LAKEVIEW DR,SHAVER LAKE CA 93634,143908,69850,0.141547,0.111297,1.19E-04,0.2,0.2,3.699653182,2.799653182,2.699653182,2.599653182,4,3,3,3,0.6,0.4,0.4,0.4
1597,44367 LAKEVIEW DR,SHAVER LAKE CA 93634,0,21074,0.132368,0.111297,1.19E-04,0.2,0.2,3.526739552,2.626739552,2.526739552,2.426739552,4,3,3,2,0.6,0.4,0.4,0.2
1598,44327 LAKEVIEW DR,SHAVER LAKE CA 93634,281174,636623,0.142103,0.111297,1.19E-04,0.2,0.2,3.526739552,2.626739552,2.526739552,2.426739552,4,3,3,2,0.6,0.4,0.4,0.2
1599,44355 LAKEVIEW AVE,SHAVER LAKE CA 93664,422497,974033,0.130049,0.111297,1.19E-04,0.2,0.2,3.526739552,2.626739552,2.526739552,2.426739552,4,3,3,2,0.6,0.4,0.4,0.2
1600,44384 DALTON AVE,SHAVER LAKE CA 93664,418200,306000,0.138092,0.111297,1.19E-04,0.2,0.2,3.194258061,2.294258061,2.194258061,2.094258061,3,2,2,2,0.4,0.2,0.2,0.2
1601,44398 DALTON AVE,SHAVER LAKE CA 93664,301578,97368,0.153143,0.111297,1.19E-04,0.2,0.2,3.52436003,2.62436003,2.52436003,2.42436003,4,3,3,2,0.6,0.4,0.4,0.2
1603,44422 DALTON,LAKESHORE CA 93634,319900,350000,0.162449,0.111297,1.19E-04,0.2,0.2,3.194258061,2.294258061,2.194258061,2.094258061,3,2,2,2,0.4,0.2,0.2,0.2
1605,44599 LAKEVIEW DR,SHAVER LAKE CA 93634,528122,633746,0.168791,0.111297,1.19E-04,0.2,0.2,3.526739552,2.626739552,2.526739552,2.426739552,4,3,3,2,0.6,0.4,0.4,0.2
1607,42270 BUCKEYE LN,SHAVER LAKE CA 93634,187819,106704,0.348216,0.148142718,0.141715658,0.2,0.2,3.753253759,2.853253759,2.753253759,2.653253759,4,3,3,3,0.6,0.4,0.4,0.4
1611,42408 HANGING BRANCH RD,SHAVER LAKE CA 93664,25223,50457,5.328327,0.19850027,0.175506774,0.2,0.2,3.733649182,2.833649182,2.733649182,2.633649182,4,3,3,3,0.6,0.4,0.4,0.4
1613,42096 MAJESTIC LN,SHAVER LAKE CA 93664,0,100000,0.05667,0.131371578,0.116066876,0.1,0.1,1.914641517,1.014641517,0.914641517,0.814641517,2,1,1,1,0.2,0.1,0.1,0.1
1615,42609 BUCKEYE LN,SHAVER LAKE CA 93634,0,219799,7.409256,0.15995466,0.153877642,0.2,0.2,3.733649182,2.833649182,2.733649182,2.633649182,4,3,3,3,0.6,0.4,0.4,0.4
1617,42953 MAJESTIC LN,SHAVER LAKE CA 93664,0,1280000,169.140171,0.192249042,0.170376347,0.2,0.2,3.699653182,2.799653182,2.699653182,2.599653182,4,3,3,3,0.6,0.4,0.4,0.4
1618,41427 KOKANEE LN,SHAVER LAKE CA 93664,160510,155332,0.202604,0.12080848,0.11336349,0.2,0.2,3.753253759,2.853253759,2.753253759,2.653253759,4,3,3,3,0.6,0.4,0.4,0.4
1620,42758 GRANITE CIRCLE,SHAVER LAKE CA 93664,666497,222440,0.919637,0.194467782,0.177810229,0.4,0.2,4.911474939,4.011474939,3.911474939,3.811474939,5,4,4,4,0.9,0.6,0.6,0.6
1624,42704 GRANITE CIRCLE,SHAVER LAKE CA 93664,0,216528,0.792608,0.195738748,0.178581595,0.2,0.2,3.326825061,2.426825061,2.326825061,2.226825061,3,2,2,2,0.4,0.2,0.2,0.2
1416,30500 WATTS VALLEY RD,TOLLHOUSE CA 93667,33633,59780,120.695896,0.205789,0,,,4.183550879,3.283550879,3.183550879,3.083550879,4,3,3,3,0.6,0.4,0.4,0.4
